<?xml version="1.0" encoding="UTF-8"?>
<root>
    <doclet-version-NOT-library-version>1.04</doclet-version-NOT-library-version>
    <class>
        <name>uk.co.martinpearman.b4a.webviewextras.WebViewExtras</name>
        <shortname>WebViewExtras</shortname>
        <owner>activity</owner>
        <event>GeolocationPermissionsRequest As Int</event>
        <event>ProgressChanged(NewProgress As Int)</event>
        <event>ProgressChanged2(WebView1 As WebView, NewProgress As Int)</event>
        <method>
            <name>addWebChromeClient</name>
            <comment>Add a WebChromeClient to WebView1.
 The WebChromeClient will handle console logging and javascript modal dialogs.
 It also overrides the default onExceededDatabaseQuota method, which enables the WebView to create and use the Database Storage API.
 
 WebView1 - The WebView to add the WebChromeClient to.</comment>
            <returntype>void</returntype>
            <parameter>
                <name>pBA</name>
                <type>anywheresoftware.b4a.BA</type>
            </parameter>
            <parameter>
                <name>WebView1</name>
                <type>android.webkit.WebView</type>
            </parameter>
            <parameter>
                <name>EventName</name>
                <type>java.lang.String</type>
            </parameter>
        </method>
        <method>
            <name>pageDown</name>
            <comment>Scroll the contents of webView1 down by half the page size.
 
 webView1 - The WebView to scroll.
 scrollToBottom - If true then webView1 will be scrolled to the bottom of the page.
 
 Returns a boolean value to indicate the success or failure of the scroll.</comment>
            <returntype>boolean</returntype>
            <parameter>
                <name>webView1</name>
                <type>android.webkit.WebView</type>
            </parameter>
            <parameter>
                <name>scrollToBottom</name>
                <type>boolean</type>
            </parameter>
        </method>
        <method>
            <name>flingScroll</name>
            <comment>flingScroll is a poorly documented method of the WebView.
 It's included in WebViewExtras as it may be useful but i can find no documentation for it or it's parameters.
 
 webView1 - The WebView to flingScroll.
 vx - No documentation available.
 vy - No documentation available.</comment>
            <returntype>void</returntype>
            <parameter>
                <name>webView1</name>
                <type>android.webkit.WebView</type>
            </parameter>
            <parameter>
                <name>vx</name>
                <type>int</type>
            </parameter>
            <parameter>
                <name>vy</name>
                <type>int</type>
            </parameter>
        </method>
        <method>
            <name>zoomIn</name>
            <comment>Perform zoom in on webView1.
 
 webView1 - The WebView to zoom in on.
 
 Returns a boolean value to indicate the success or failure of the zoom.</comment>
            <returntype>boolean</returntype>
            <parameter>
                <name>webView1</name>
                <type>android.webkit.WebView</type>
            </parameter>
        </method>
        <method>
            <name>executeJavascript</name>
            <comment>Executes a string of one or more javascript statements in WebView1.
 
 WebView1 - The WebView to execute the javascript in.
 JavascriptStatement - A string of one or more (semi-colon seperated) javascript statements.</comment>
            <returntype>void</returntype>
            <parameter>
                <name>WebView1</name>
                <type>android.webkit.WebView</type>
            </parameter>
            <parameter>
                <name>JavascriptStatement</name>
                <type>java.lang.String</type>
            </parameter>
        </method>
        <method>
            <name>GetContentHeight</name>
            <comment>Gets the height of the HTML content.</comment>
            <returntype>int</returntype>
            <parameter>
                <name>WebView1</name>
                <type>android.webkit.WebView</type>
            </parameter>
        </method>
        <method>
            <name>zoomOut</name>
            <comment>Perform zoom out on webView1.
 
 webView1 - The WebView to zoom out on.
 
 Returns a boolean value to indicate the success or failure of the zoom.</comment>
            <returntype>boolean</returntype>
            <parameter>
                <name>webView1</name>
                <type>android.webkit.WebView</type>
            </parameter>
        </method>
        <method>
            <name>clearCache</name>
            <comment>Clear the WebView cache.
 Note that the cache is per-application, so this will clear the cache for all WebViews used in an application.
 
 WebView1 - A WebView in your application.
 IncludeDiskFiles - If false, only the RAM cache is cleared.</comment>
            <returntype>void</returntype>
            <parameter>
                <name>WebView1</name>
                <type>android.webkit.WebView</type>
            </parameter>
            <parameter>
                <name>IncludeDiskFiles</name>
                <type>boolean</type>
            </parameter>
        </method>
        <method>
            <name>pageUp</name>
            <comment>Scroll the contents of webView1 up by half the page size.
 
 webView1 - The WebView to scroll.
 scrollToTop - If true then webView1 will be scrolled to the top of the page.
 
 Returns a boolean value to indicate the success or failure of the scroll.</comment>
            <returntype>boolean</returntype>
            <parameter>
                <name>webView1</name>
                <type>android.webkit.WebView</type>
            </parameter>
            <parameter>
                <name>scrollToTop</name>
                <type>boolean</type>
            </parameter>
        </method>
        <method>
            <name>addJavascriptInterface</name>
            <comment>Add a javascript interface to WebView1, methods of the interface can be accessed using javascript with the InterfaceName as the javascript namespace.
 
 WebView1 - The WebView to add the interface to.
 InterfaceName - The javascript namespace (prefix) that will be used to access the interface methods.</comment>
            <returntype>void</returntype>
            <parameter>
                <name>pBA</name>
                <type>anywheresoftware.b4a.BA</type>
            </parameter>
            <parameter>
                <name>WebView1</name>
                <type>android.webkit.WebView</type>
            </parameter>
            <parameter>
                <name>InterfaceName</name>
                <type>java.lang.String</type>
            </parameter>
        </method>
        <method>
            <name>GetScale</name>
            <comment>Get the WebView scale.
 This method was deprecated in API level 17.
 This method is prone to inaccuracy due to race conditions between the web rendering and UI threads; prefer onScaleChanged(WebView, float, float).</comment>
            <returntype>float</returntype>
            <parameter>
                <name>WebView1</name>
                <type>android.webkit.WebView</type>
            </parameter>
        </method>
        <field>
            <name>GEOLOCATION_PERMISSION_ALLOW_AND_REMEMBER</name>
            <comment></comment>
            <returntype>int</returntype>
        </field>
        <field>
            <name>GEOLOCATION_PERMISSION_ALLOW</name>
            <comment></comment>
            <returntype>int</returntype>
        </field>
        <field>
            <name>GEOLOCATION_PERMISSION_DISALLOW_AND_REMEMBER</name>
            <comment></comment>
            <returntype>int</returntype>
        </field>
        <field>
            <name>GEOLOCATION_PERMISSION_DISALLOW</name>
            <comment></comment>
            <returntype>int</returntype>
        </field>
    </class>
    <version>1.42</version>
    <author>Martin Pearman</author>
</root>
