<?xml version="1.0" encoding="UTF-8"?>
<root>
    <doclet-version-NOT-library-version>1.02</doclet-version-NOT-library-version>
    <class>
        <name>anywheresoftware.b4a.objects.preferenceactivity</name>
        <owner>process</owner>
        <method>
            <name>onPanelClosed</name>
            <comment></comment>
            <returntype>void</returntype>
            <parameter>
                <name>arg0</name>
                <type>int</type>
            </parameter>
            <parameter>
                <name>arg1</name>
                <type>android.view.Menu</type>
            </parameter>
        </method>
        <method>
            <name>onCreateThumbnail</name>
            <comment></comment>
            <returntype>boolean</returntype>
            <parameter>
                <name>arg0</name>
                <type>android.graphics.Bitmap</type>
            </parameter>
            <parameter>
                <name>arg1</name>
                <type>android.graphics.Canvas</type>
            </parameter>
        </method>
        <method>
            <name>startNextMatchingActivity</name>
            <comment></comment>
            <returntype>boolean</returntype>
            <parameter>
                <name>arg0</name>
                <type>android.content.Intent</type>
            </parameter>
        </method>
        <method>
            <name>getDatabasePath</name>
            <comment></comment>
            <returntype>java.io.File</returntype>
            <parameter>
                <name>arg0</name>
                <type>java.lang.String</type>
            </parameter>
        </method>
        <method>
            <name>onWindowFocusChanged</name>
            <comment></comment>
            <returntype>void</returntype>
            <parameter>
                <name>arg0</name>
                <type>boolean</type>
            </parameter>
        </method>
        <method>
            <name>isTaskRoot</name>
            <comment></comment>
            <returntype>boolean</returntype>
        </method>
        <method>
            <name>enforceCallingPermission</name>
            <comment></comment>
            <returntype>void</returntype>
            <parameter>
                <name>arg0</name>
                <type>java.lang.String</type>
            </parameter>
            <parameter>
                <name>arg1</name>
                <type>java.lang.String</type>
            </parameter>
        </method>
        <method>
            <name>startService</name>
            <comment></comment>
            <returntype>android.content.ComponentName</returntype>
            <parameter>
                <name>arg0</name>
                <type>android.content.Intent</type>
            </parameter>
        </method>
        <method>
            <name>createPendingResult</name>
            <comment></comment>
            <returntype>android.app.PendingIntent</returntype>
            <parameter>
                <name>arg0</name>
                <type>int</type>
            </parameter>
            <parameter>
                <name>arg1</name>
                <type>android.content.Intent</type>
            </parameter>
            <parameter>
                <name>arg2</name>
                <type>int</type>
            </parameter>
        </method>
        <method>
            <name>startActivityFromChild</name>
            <comment></comment>
            <returntype>void</returntype>
            <parameter>
                <name>arg0</name>
                <type>android.app.Activity</type>
            </parameter>
            <parameter>
                <name>arg1</name>
                <type>android.content.Intent</type>
            </parameter>
            <parameter>
                <name>arg2</name>
                <type>int</type>
            </parameter>
        </method>
        <method>
            <name>dispatchKeyEvent</name>
            <comment></comment>
            <returntype>boolean</returntype>
            <parameter>
                <name>arg0</name>
                <type>android.view.KeyEvent</type>
            </parameter>
        </method>
        <method>
            <name>startManagingCursor</name>
            <comment></comment>
            <returntype>void</returntype>
            <parameter>
                <name>arg0</name>
                <type>android.database.Cursor</type>
            </parameter>
        </method>
        <method>
            <name>isRestricted</name>
            <comment></comment>
            <returntype>boolean</returntype>
        </method>
        <method>
            <name>databaseList</name>
            <comment></comment>
            <returntype>java.lang.String[]</returntype>
        </method>
        <method>
            <name>deleteDatabase</name>
            <comment></comment>
            <returntype>boolean</returntype>
            <parameter>
                <name>arg0</name>
                <type>java.lang.String</type>
            </parameter>
        </method>
        <method>
            <name>addContentView</name>
            <comment></comment>
            <returntype>void</returntype>
            <parameter>
                <name>arg0</name>
                <type>android.view.View</type>
            </parameter>
            <parameter>
                <name>arg1</name>
                <type>android.view.ViewGroup.LayoutParams</type>
            </parameter>
        </method>
        <method>
            <name>setFeatureDrawableUri</name>
            <comment></comment>
            <returntype>void</returntype>
            <parameter>
                <name>arg0</name>
                <type>int</type>
            </parameter>
            <parameter>
                <name>arg1</name>
                <type>android.net.Uri</type>
            </parameter>
        </method>
        <method>
            <name>onKeyDown</name>
            <comment></comment>
            <returntype>boolean</returntype>
            <parameter>
                <name>arg0</name>
                <type>int</type>
            </parameter>
            <parameter>
                <name>arg1</name>
                <type>android.view.KeyEvent</type>
            </parameter>
        </method>
        <method>
            <name>finishActivityFromChild</name>
            <comment></comment>
            <returntype>void</returntype>
            <parameter>
                <name>arg0</name>
                <type>android.app.Activity</type>
            </parameter>
            <parameter>
                <name>arg1</name>
                <type>int</type>
            </parameter>
        </method>
        <method>
            <name>deleteFile</name>
            <comment></comment>
            <returntype>boolean</returntype>
            <parameter>
                <name>arg0</name>
                <type>java.lang.String</type>
            </parameter>
        </method>
        <method>
            <name>enforceCallingOrSelfPermission</name>
            <comment></comment>
            <returntype>void</returntype>
            <parameter>
                <name>arg0</name>
                <type>java.lang.String</type>
            </parameter>
            <parameter>
                <name>arg1</name>
                <type>java.lang.String</type>
            </parameter>
        </method>
        <method>
            <name>onCreateView</name>
            <comment></comment>
            <returntype>android.view.View</returntype>
            <parameter>
                <name>arg0</name>
                <type>java.lang.String</type>
            </parameter>
            <parameter>
                <name>arg1</name>
                <type>android.content.Context</type>
            </parameter>
            <parameter>
                <name>arg2</name>
                <type>android.util.AttributeSet</type>
            </parameter>
        </method>
        <method>
            <name>requestWindowFeature</name>
            <comment></comment>
            <returntype>boolean</returntype>
            <parameter>
                <name>arg0</name>
                <type>int</type>
            </parameter>
        </method>
        <method>
            <name>enforceCallingOrSelfUriPermission</name>
            <comment></comment>
            <returntype>void</returntype>
            <parameter>
                <name>arg0</name>
                <type>android.net.Uri</type>
            </parameter>
            <parameter>
                <name>arg1</name>
                <type>int</type>
            </parameter>
            <parameter>
                <name>arg2</name>
                <type>java.lang.String</type>
            </parameter>
        </method>
        <method>
            <name>getSharedPreferences</name>
            <comment></comment>
            <returntype>android.content.SharedPreferences</returntype>
            <parameter>
                <name>arg0</name>
                <type>java.lang.String</type>
            </parameter>
            <parameter>
                <name>arg1</name>
                <type>int</type>
            </parameter>
        </method>
        <method>
            <name>checkUriPermission</name>
            <comment></comment>
            <returntype>int</returntype>
            <parameter>
                <name>arg0</name>
                <type>android.net.Uri</type>
            </parameter>
            <parameter>
                <name>arg1</name>
                <type>int</type>
            </parameter>
            <parameter>
                <name>arg2</name>
                <type>int</type>
            </parameter>
            <parameter>
                <name>arg3</name>
                <type>int</type>
            </parameter>
        </method>
        <method>
            <name>onCreateContextMenu</name>
            <comment></comment>
            <returntype>void</returntype>
            <parameter>
                <name>arg0</name>
                <type>android.view.ContextMenu</type>
            </parameter>
            <parameter>
                <name>arg1</name>
                <type>android.view.View</type>
            </parameter>
            <parameter>
                <name>arg2</name>
                <type>android.view.ContextMenu.ContextMenuInfo</type>
            </parameter>
        </method>
        <method>
            <name>revokeUriPermission</name>
            <comment></comment>
            <returntype>void</returntype>
            <parameter>
                <name>arg0</name>
                <type>android.net.Uri</type>
            </parameter>
            <parameter>
                <name>arg1</name>
                <type>int</type>
            </parameter>
        </method>
        <method>
            <name>getDir</name>
            <comment></comment>
            <returntype>java.io.File</returntype>
            <parameter>
                <name>arg0</name>
                <type>java.lang.String</type>
            </parameter>
            <parameter>
                <name>arg1</name>
                <type>int</type>
            </parameter>
        </method>
        <method>
            <name>onPreparePanel</name>
            <comment></comment>
            <returntype>boolean</returntype>
            <parameter>
                <name>arg0</name>
                <type>int</type>
            </parameter>
            <parameter>
                <name>arg1</name>
                <type>android.view.View</type>
            </parameter>
            <parameter>
                <name>arg2</name>
                <type>android.view.Menu</type>
            </parameter>
        </method>
        <method>
            <name>finishFromChild</name>
            <comment></comment>
            <returntype>void</returntype>
            <parameter>
                <name>arg0</name>
                <type>android.app.Activity</type>
            </parameter>
        </method>
        <method>
            <name>getFileStreamPath</name>
            <comment></comment>
            <returntype>java.io.File</returntype>
            <parameter>
                <name>arg0</name>
                <type>java.lang.String</type>
            </parameter>
        </method>
        <method>
            <name>startActivityForResult</name>
            <comment></comment>
            <returntype>void</returntype>
            <parameter>
                <name>arg0</name>
                <type>android.content.Intent</type>
            </parameter>
            <parameter>
                <name>arg1</name>
                <type>int</type>
            </parameter>
        </method>
        <method>
            <name>onCreateOptionsMenu</name>
            <comment></comment>
            <returntype>boolean</returntype>
            <parameter>
                <name>arg0</name>
                <type>android.view.Menu</type>
            </parameter>
        </method>
        <method>
            <name>findPreference</name>
            <comment></comment>
            <returntype>android.preference.Preference</returntype>
            <parameter>
                <name>arg0</name>
                <type>java.lang.CharSequence</type>
            </parameter>
        </method>
        <method>
            <name>unregisterReceiver</name>
            <comment></comment>
            <returntype>void</returntype>
            <parameter>
                <name>arg0</name>
                <type>android.content.BroadcastReceiver</type>
            </parameter>
        </method>
        <method>
            <name>checkCallingPermission</name>
            <comment></comment>
            <returntype>int</returntype>
            <parameter>
                <name>arg0</name>
                <type>java.lang.String</type>
            </parameter>
        </method>
        <method>
            <name>getString</name>
            <comment></comment>
            <returntype>java.lang.String</returntype>
            <parameter>
                <name>arg0</name>
                <type>int</type>
            </parameter>
        </method>
        <method>
            <name>onUserInteraction</name>
            <comment></comment>
            <returntype>void</returntype>
        </method>
        <method>
            <name>setFeatureDrawableResource</name>
            <comment></comment>
            <returntype>void</returntype>
            <parameter>
                <name>arg0</name>
                <type>int</type>
            </parameter>
            <parameter>
                <name>arg1</name>
                <type>int</type>
            </parameter>
        </method>
        <method>
            <name>setContentView</name>
            <comment></comment>
            <returntype>void</returntype>
            <parameter>
                <name>arg0</name>
                <type>android.view.View</type>
            </parameter>
            <parameter>
                <name>arg1</name>
                <type>android.view.ViewGroup.LayoutParams</type>
            </parameter>
        </method>
        <method>
            <name>addPreferencesFromIntent</name>
            <comment></comment>
            <returntype>void</returntype>
            <parameter>
                <name>arg0</name>
                <type>android.content.Intent</type>
            </parameter>
        </method>
        <method>
            <name>stopManagingCursor</name>
            <comment></comment>
            <returntype>void</returntype>
            <parameter>
                <name>arg0</name>
                <type>android.database.Cursor</type>
            </parameter>
        </method>
        <method>
            <name>setFeatureDrawableAlpha</name>
            <comment></comment>
            <returntype>void</returntype>
            <parameter>
                <name>arg0</name>
                <type>int</type>
            </parameter>
            <parameter>
                <name>arg1</name>
                <type>int</type>
            </parameter>
        </method>
        <method>
            <name>isFinishing</name>
            <comment></comment>
            <returntype>boolean</returntype>
        </method>
        <method>
            <name>findViewById</name>
            <comment></comment>
            <returntype>android.view.View</returntype>
            <parameter>
                <name>arg0</name>
                <type>int</type>
            </parameter>
        </method>
        <method>
            <name>sendBroadcast</name>
            <comment></comment>
            <returntype>void</returntype>
            <parameter>
                <name>arg0</name>
                <type>android.content.Intent</type>
            </parameter>
        </method>
        <method>
            <name>openOptionsMenu</name>
            <comment></comment>
            <returntype>void</returntype>
        </method>
        <method>
            <name>onKeyMultiple</name>
            <comment></comment>
            <returntype>boolean</returntype>
            <parameter>
                <name>arg0</name>
                <type>int</type>
            </parameter>
            <parameter>
                <name>arg1</name>
                <type>int</type>
            </parameter>
            <parameter>
                <name>arg2</name>
                <type>android.view.KeyEvent</type>
            </parameter>
        </method>
        <method>
            <name>onSearchRequested</name>
            <comment></comment>
            <returntype>boolean</returntype>
        </method>
        <method>
            <name>peekWallpaper</name>
            <comment></comment>
            <returntype>android.graphics.drawable.Drawable</returntype>
        </method>
        <method>
            <name>clearWallpaper</name>
            <comment></comment>
            <returntype>void</returntype>
        </method>
        <method>
            <name>setFeatureDrawable</name>
            <comment></comment>
            <returntype>void</returntype>
            <parameter>
                <name>arg0</name>
                <type>int</type>
            </parameter>
            <parameter>
                <name>arg1</name>
                <type>android.graphics.drawable.Drawable</type>
            </parameter>
        </method>
        <method>
            <name>fileList</name>
            <comment></comment>
            <returntype>java.lang.String[]</returntype>
        </method>
        <method>
            <name>openOrCreateDatabase</name>
            <comment></comment>
            <returntype>android.database.sqlite.SQLiteDatabase</returntype>
            <parameter>
                <name>arg0</name>
                <type>java.lang.String</type>
            </parameter>
            <parameter>
                <name>arg1</name>
                <type>int</type>
            </parameter>
            <parameter>
                <name>arg2</name>
                <type>android.database.sqlite.SQLiteDatabase.CursorFactory</type>
            </parameter>
        </method>
        <method>
            <name>closeContextMenu</name>
            <comment></comment>
            <returntype>void</returntype>
        </method>
        <method>
            <name>openFileOutput</name>
            <comment></comment>
            <returntype>java.io.FileOutputStream</returntype>
            <parameter>
                <name>arg0</name>
                <type>java.lang.String</type>
            </parameter>
            <parameter>
                <name>arg1</name>
                <type>int</type>
            </parameter>
        </method>
        <method>
            <name>takeKeyEvents</name>
            <comment></comment>
            <returntype>void</returntype>
            <parameter>
                <name>arg0</name>
                <type>boolean</type>
            </parameter>
        </method>
        <method>
            <name>startActivity</name>
            <comment></comment>
            <returntype>void</returntype>
            <parameter>
                <name>arg0</name>
                <type>android.content.Intent</type>
            </parameter>
        </method>
        <method>
            <name>grantUriPermission</name>
            <comment></comment>
            <returntype>void</returntype>
            <parameter>
                <name>arg0</name>
                <type>java.lang.String</type>
            </parameter>
            <parameter>
                <name>arg1</name>
                <type>android.net.Uri</type>
            </parameter>
            <parameter>
                <name>arg2</name>
                <type>int</type>
            </parameter>
        </method>
        <method>
            <name>sendOrderedBroadcast</name>
            <comment></comment>
            <returntype>void</returntype>
            <parameter>
                <name>arg0</name>
                <type>android.content.Intent</type>
            </parameter>
            <parameter>
                <name>arg1</name>
                <type>java.lang.String</type>
            </parameter>
        </method>
        <method>
            <name>onConfigurationChanged</name>
            <comment></comment>
            <returntype>void</returntype>
            <parameter>
                <name>arg0</name>
                <type>android.content.res.Configuration</type>
            </parameter>
        </method>
        <method>
            <name>bindService</name>
            <comment></comment>
            <returntype>boolean</returntype>
            <parameter>
                <name>arg0</name>
                <type>android.content.Intent</type>
            </parameter>
            <parameter>
                <name>arg1</name>
                <type>android.content.ServiceConnection</type>
            </parameter>
            <parameter>
                <name>arg2</name>
                <type>int</type>
            </parameter>
        </method>
        <method>
            <name>startSearch</name>
            <comment></comment>
            <returntype>void</returntype>
            <parameter>
                <name>arg0</name>
                <type>java.lang.String</type>
            </parameter>
            <parameter>
                <name>arg1</name>
                <type>boolean</type>
            </parameter>
            <parameter>
                <name>arg2</name>
                <type>android.os.Bundle</type>
            </parameter>
            <parameter>
                <name>arg3</name>
                <type>boolean</type>
            </parameter>
        </method>
        <method>
            <name>openContextMenu</name>
            <comment></comment>
            <returntype>void</returntype>
            <parameter>
                <name>arg0</name>
                <type>android.view.View</type>
            </parameter>
        </method>
        <method>
            <name>onPreferenceTreeClick</name>
            <comment></comment>
            <returntype>boolean</returntype>
            <parameter>
                <name>arg0</name>
                <type>android.preference.PreferenceScreen</type>
            </parameter>
            <parameter>
                <name>arg1</name>
                <type>android.preference.Preference</type>
            </parameter>
        </method>
        <method>
            <name>removeDialog</name>
            <comment></comment>
            <returntype>void</returntype>
            <parameter>
                <name>arg0</name>
                <type>int</type>
            </parameter>
        </method>
        <method>
            <name>createPackageContext</name>
            <comment></comment>
            <returntype>android.content.Context</returntype>
            <parameter>
                <name>arg0</name>
                <type>java.lang.String</type>
            </parameter>
            <parameter>
                <name>arg1</name>
                <type>int</type>
            </parameter>
        </method>
        <method>
            <name>checkCallingOrSelfUriPermission</name>
            <comment></comment>
            <returntype>int</returntype>
            <parameter>
                <name>arg0</name>
                <type>android.net.Uri</type>
            </parameter>
            <parameter>
                <name>arg1</name>
                <type>int</type>
            </parameter>
        </method>
        <method>
            <name>onPrepareOptionsMenu</name>
            <comment></comment>
            <returntype>boolean</returntype>
            <parameter>
                <name>arg0</name>
                <type>android.view.Menu</type>
            </parameter>
        </method>
        <method>
            <name>onLowMemory</name>
            <comment></comment>
            <returntype>void</returntype>
        </method>
        <method>
            <name>showDialog</name>
            <comment></comment>
            <returntype>void</returntype>
            <parameter>
                <name>arg0</name>
                <type>int</type>
            </parameter>
        </method>
        <method>
            <name>getSystemService</name>
            <comment></comment>
            <returntype>java.lang.Object</returntype>
            <parameter>
                <name>arg0</name>
                <type>java.lang.String</type>
            </parameter>
        </method>
        <method>
            <name>startInstrumentation</name>
            <comment></comment>
            <returntype>boolean</returntype>
            <parameter>
                <name>arg0</name>
                <type>android.content.ComponentName</type>
            </parameter>
            <parameter>
                <name>arg1</name>
                <type>java.lang.String</type>
            </parameter>
            <parameter>
                <name>arg2</name>
                <type>android.os.Bundle</type>
            </parameter>
        </method>
        <method>
            <name>dispatchPopulateAccessibilityEvent</name>
            <comment></comment>
            <returntype>boolean</returntype>
            <parameter>
                <name>arg0</name>
                <type>android.view.accessibility.AccessibilityEvent</type>
            </parameter>
        </method>
        <method>
            <name>onKeyUp</name>
            <comment></comment>
            <returntype>boolean</returntype>
            <parameter>
                <name>arg0</name>
                <type>int</type>
            </parameter>
            <parameter>
                <name>arg1</name>
                <type>android.view.KeyEvent</type>
            </parameter>
        </method>
        <method>
            <name>runOnUiThread</name>
            <comment></comment>
            <returntype>void</returntype>
            <parameter>
                <name>arg0</name>
                <type>java.lang.Runnable</type>
            </parameter>
        </method>
        <method>
            <name>sendStickyBroadcast</name>
            <comment></comment>
            <returntype>void</returntype>
            <parameter>
                <name>arg0</name>
                <type>android.content.Intent</type>
            </parameter>
        </method>
        <method>
            <name>onCreatePanelView</name>
            <comment></comment>
            <returntype>android.view.View</returntype>
            <parameter>
                <name>arg0</name>
                <type>int</type>
            </parameter>
        </method>
        <method>
            <name>onMenuOpened</name>
            <comment></comment>
            <returntype>boolean</returntype>
            <parameter>
                <name>arg0</name>
                <type>int</type>
            </parameter>
            <parameter>
                <name>arg1</name>
                <type>android.view.Menu</type>
            </parameter>
        </method>
        <method>
            <name>onOptionsMenuClosed</name>
            <comment></comment>
            <returntype>void</returntype>
            <parameter>
                <name>arg0</name>
                <type>android.view.Menu</type>
            </parameter>
        </method>
        <method>
            <name>onOptionsItemSelected</name>
            <comment></comment>
            <returntype>boolean</returntype>
            <parameter>
                <name>arg0</name>
                <type>android.view.MenuItem</type>
            </parameter>
        </method>
        <method>
            <name>startActivityIfNeeded</name>
            <comment></comment>
            <returntype>boolean</returntype>
            <parameter>
                <name>arg0</name>
                <type>android.content.Intent</type>
            </parameter>
            <parameter>
                <name>arg1</name>
                <type>int</type>
            </parameter>
        </method>
        <method>
            <name>onContextItemSelected</name>
            <comment></comment>
            <returntype>boolean</returntype>
            <parameter>
                <name>arg0</name>
                <type>android.view.MenuItem</type>
            </parameter>
        </method>
        <method>
            <name>onWindowAttributesChanged</name>
            <comment></comment>
            <returntype>void</returntype>
            <parameter>
                <name>arg0</name>
                <type>android.view.WindowManager.LayoutParams</type>
            </parameter>
        </method>
        <method>
            <name>finish</name>
            <comment></comment>
            <returntype>void</returntype>
        </method>
        <method>
            <name>enforcePermission</name>
            <comment></comment>
            <returntype>void</returntype>
            <parameter>
                <name>arg0</name>
                <type>java.lang.String</type>
            </parameter>
            <parameter>
                <name>arg1</name>
                <type>int</type>
            </parameter>
            <parameter>
                <name>arg2</name>
                <type>int</type>
            </parameter>
            <parameter>
                <name>arg3</name>
                <type>java.lang.String</type>
            </parameter>
        </method>
        <method>
            <name>checkPermission</name>
            <comment></comment>
            <returntype>int</returntype>
            <parameter>
                <name>arg0</name>
                <type>java.lang.String</type>
            </parameter>
            <parameter>
                <name>arg1</name>
                <type>int</type>
            </parameter>
            <parameter>
                <name>arg2</name>
                <type>int</type>
            </parameter>
        </method>
        <method>
            <name>registerReceiver</name>
            <comment></comment>
            <returntype>android.content.Intent</returntype>
            <parameter>
                <name>arg0</name>
                <type>android.content.BroadcastReceiver</type>
            </parameter>
            <parameter>
                <name>arg1</name>
                <type>android.content.IntentFilter</type>
            </parameter>
        </method>
        <method>
            <name>unregisterForContextMenu</name>
            <comment></comment>
            <returntype>void</returntype>
            <parameter>
                <name>arg0</name>
                <type>android.view.View</type>
            </parameter>
        </method>
        <method>
            <name>dispatchTrackballEvent</name>
            <comment></comment>
            <returntype>boolean</returntype>
            <parameter>
                <name>arg0</name>
                <type>android.view.MotionEvent</type>
            </parameter>
        </method>
        <method>
            <name>onContextMenuClosed</name>
            <comment></comment>
            <returntype>void</returntype>
            <parameter>
                <name>arg0</name>
                <type>android.view.Menu</type>
            </parameter>
        </method>
        <method>
            <name>onRetainNonConfigurationInstance</name>
            <comment></comment>
            <returntype>java.lang.Object</returntype>
        </method>
        <method>
            <name>unbindService</name>
            <comment></comment>
            <returntype>void</returntype>
            <parameter>
                <name>arg0</name>
                <type>android.content.ServiceConnection</type>
            </parameter>
        </method>
        <method>
            <name>onCreateDescription</name>
            <comment></comment>
            <returntype>java.lang.CharSequence</returntype>
        </method>
        <method>
            <name>isChild</name>
            <comment></comment>
            <returntype>boolean</returntype>
        </method>
        <method>
            <name>obtainStyledAttributes</name>
            <comment></comment>
            <returntype>android.content.res.TypedArray</returntype>
            <parameter>
                <name>arg0</name>
                <type>int[]</type>
            </parameter>
        </method>
        <method>
            <name>onCreatePanelMenu</name>
            <comment></comment>
            <returntype>boolean</returntype>
            <parameter>
                <name>arg0</name>
                <type>int</type>
            </parameter>
            <parameter>
                <name>arg1</name>
                <type>android.view.Menu</type>
            </parameter>
        </method>
        <method>
            <name>onCreate</name>
            <comment></comment>
            <returntype>void</returntype>
            <parameter>
                <name>savedInstanceState</name>
                <type>android.os.Bundle</type>
            </parameter>
        </method>
        <method>
            <name>finishActivity</name>
            <comment></comment>
            <returntype>void</returntype>
            <parameter>
                <name>arg0</name>
                <type>int</type>
            </parameter>
        </method>
        <method>
            <name>addPreferencesFromResource</name>
            <comment></comment>
            <returntype>void</returntype>
            <parameter>
                <name>arg0</name>
                <type>int</type>
            </parameter>
        </method>
        <method>
            <name>hasWindowFocus</name>
            <comment></comment>
            <returntype>boolean</returntype>
        </method>
        <method>
            <name>openFileInput</name>
            <comment></comment>
            <returntype>java.io.FileInputStream</returntype>
            <parameter>
                <name>arg0</name>
                <type>java.lang.String</type>
            </parameter>
        </method>
        <method>
            <name>dispatchTouchEvent</name>
            <comment></comment>
            <returntype>boolean</returntype>
            <parameter>
                <name>arg0</name>
                <type>android.view.MotionEvent</type>
            </parameter>
        </method>
        <method>
            <name>getText</name>
            <comment></comment>
            <returntype>java.lang.CharSequence</returntype>
            <parameter>
                <name>arg0</name>
                <type>int</type>
            </parameter>
        </method>
        <method>
            <name>setResult</name>
            <comment></comment>
            <returntype>void</returntype>
            <parameter>
                <name>arg0</name>
                <type>int</type>
            </parameter>
            <parameter>
                <name>arg1</name>
                <type>android.content.Intent</type>
            </parameter>
        </method>
        <method>
            <name>enforceUriPermission</name>
            <comment></comment>
            <returntype>void</returntype>
            <parameter>
                <name>arg0</name>
                <type>android.net.Uri</type>
            </parameter>
            <parameter>
                <name>arg1</name>
                <type>int</type>
            </parameter>
            <parameter>
                <name>arg2</name>
                <type>int</type>
            </parameter>
            <parameter>
                <name>arg3</name>
                <type>int</type>
            </parameter>
            <parameter>
                <name>arg4</name>
                <type>java.lang.String</type>
            </parameter>
        </method>
        <method>
            <name>onMenuItemSelected</name>
            <comment></comment>
            <returntype>boolean</returntype>
            <parameter>
                <name>arg0</name>
                <type>int</type>
            </parameter>
            <parameter>
                <name>arg1</name>
                <type>android.view.MenuItem</type>
            </parameter>
        </method>
        <method>
            <name>enforceCallingUriPermission</name>
            <comment></comment>
            <returntype>void</returntype>
            <parameter>
                <name>arg0</name>
                <type>android.net.Uri</type>
            </parameter>
            <parameter>
                <name>arg1</name>
                <type>int</type>
            </parameter>
            <parameter>
                <name>arg2</name>
                <type>java.lang.String</type>
            </parameter>
        </method>
        <method>
            <name>onContentChanged</name>
            <comment></comment>
            <returntype>void</returntype>
        </method>
        <method>
            <name>stopService</name>
            <comment></comment>
            <returntype>boolean</returntype>
            <parameter>
                <name>arg0</name>
                <type>android.content.Intent</type>
            </parameter>
        </method>
        <method>
            <name>removeStickyBroadcast</name>
            <comment></comment>
            <returntype>void</returntype>
            <parameter>
                <name>arg0</name>
                <type>android.content.Intent</type>
            </parameter>
        </method>
        <method>
            <name>onTrackballEvent</name>
            <comment></comment>
            <returntype>boolean</returntype>
            <parameter>
                <name>arg0</name>
                <type>android.view.MotionEvent</type>
            </parameter>
        </method>
        <method>
            <name>getPreferences</name>
            <comment></comment>
            <returntype>android.content.SharedPreferences</returntype>
            <parameter>
                <name>arg0</name>
                <type>int</type>
            </parameter>
        </method>
        <method>
            <name>closeOptionsMenu</name>
            <comment></comment>
            <returntype>void</returntype>
        </method>
        <method>
            <name>checkCallingOrSelfPermission</name>
            <comment></comment>
            <returntype>int</returntype>
            <parameter>
                <name>arg0</name>
                <type>java.lang.String</type>
            </parameter>
        </method>
        <method>
            <name>onTouchEvent</name>
            <comment></comment>
            <returntype>boolean</returntype>
            <parameter>
                <name>arg0</name>
                <type>android.view.MotionEvent</type>
            </parameter>
        </method>
        <method>
            <name>moveTaskToBack</name>
            <comment></comment>
            <returntype>boolean</returntype>
            <parameter>
                <name>arg0</name>
                <type>boolean</type>
            </parameter>
        </method>
        <method>
            <name>registerForContextMenu</name>
            <comment></comment>
            <returntype>void</returntype>
            <parameter>
                <name>arg0</name>
                <type>android.view.View</type>
            </parameter>
        </method>
        <method>
            <name>checkCallingUriPermission</name>
            <comment></comment>
            <returntype>int</returntype>
            <parameter>
                <name>arg0</name>
                <type>android.net.Uri</type>
            </parameter>
            <parameter>
                <name>arg1</name>
                <type>int</type>
            </parameter>
        </method>
        <method>
            <name>managedQuery</name>
            <comment></comment>
            <returntype>android.database.Cursor</returntype>
            <parameter>
                <name>arg0</name>
                <type>android.net.Uri</type>
            </parameter>
            <parameter>
                <name>arg1</name>
                <type>java.lang.String[]</type>
            </parameter>
            <parameter>
                <name>arg2</name>
                <type>java.lang.String</type>
            </parameter>
            <parameter>
                <name>arg3</name>
                <type>java.lang.String[]</type>
            </parameter>
            <parameter>
                <name>arg4</name>
                <type>java.lang.String</type>
            </parameter>
        </method>
        <method>
            <name>dismissDialog</name>
            <comment></comment>
            <returntype>void</returntype>
            <parameter>
                <name>arg0</name>
                <type>int</type>
            </parameter>
        </method>
        <property>
            <name>Intent</name>
            <returntype>android.content.Intent</returntype>
            <parameter>
                <name>arg0</name>
                <type>android.content.Intent</type>
            </parameter>
            <comment></comment>
        </property>
        <property>
            <name>Visible</name>
            <parameter>
                <name>arg0</name>
                <type>boolean</type>
            </parameter>
            <comment></comment>
        </property>
        <property>
            <name>PackageCodePath</name>
            <returntype>java.lang.String</returntype>
            <comment></comment>
        </property>
        <property>
            <name>CacheDir</name>
            <returntype>java.io.File</returntype>
            <comment></comment>
        </property>
        <property>
            <name>LastNonConfigurationInstance</name>
            <returntype>java.lang.Object</returntype>
            <comment></comment>
        </property>
        <property>
            <name>ContentView</name>
            <parameter>
                <name>arg0</name>
                <type>int</type>
            </parameter>
            <comment></comment>
        </property>
        <property>
            <name>CallingPackage</name>
            <returntype>java.lang.String</returntype>
            <comment></comment>
        </property>
        <property>
            <name>PreferenceScreen</name>
            <returntype>android.preference.PreferenceScreen</returntype>
            <parameter>
                <name>arg0</name>
                <type>android.preference.PreferenceScreen</type>
            </parameter>
            <comment></comment>
        </property>
        <property>
            <name>MenuInflater</name>
            <returntype>android.view.MenuInflater</returntype>
            <comment></comment>
        </property>
        <property>
            <name>FilesDir</name>
            <returntype>java.io.File</returntype>
            <comment></comment>
        </property>
        <property>
            <name>Window</name>
            <returntype>android.view.Window</returntype>
            <comment></comment>
        </property>
        <property>
            <name>TitleColor</name>
            <returntype>int</returntype>
            <parameter>
                <name>arg0</name>
                <type>int</type>
            </parameter>
            <comment></comment>
        </property>
        <property>
            <name>Result</name>
            <parameter>
                <name>arg0</name>
                <type>int</type>
            </parameter>
            <comment></comment>
        </property>
        <property>
            <name>WallpaperDesiredMinimumWidth</name>
            <returntype>int</returntype>
            <comment></comment>
        </property>
        <property>
            <name>Parent</name>
            <returntype>android.app.Activity</returntype>
            <comment></comment>
        </property>
        <property>
            <name>PackageManager</name>
            <returntype>android.content.pm.PackageManager</returntype>
            <comment></comment>
        </property>
        <property>
            <name>ContentResolver</name>
            <returntype>android.content.ContentResolver</returntype>
            <comment></comment>
        </property>
        <property>
            <name>CurrentFocus</name>
            <returntype>android.view.View</returntype>
            <comment></comment>
        </property>
        <property>
            <name>SelectedItemId</name>
            <returntype>long</returntype>
            <comment></comment>
        </property>
        <property>
            <name>ListAdapter</name>
            <returntype>android.widget.ListAdapter</returntype>
            <parameter>
                <name>arg0</name>
                <type>android.widget.ListAdapter</type>
            </parameter>
            <comment></comment>
        </property>
        <property>
            <name>PackageName</name>
            <returntype>java.lang.String</returntype>
            <comment></comment>
        </property>
        <property>
            <name>SelectedItemPosition</name>
            <returntype>int</returntype>
            <comment></comment>
        </property>
        <property>
            <name>Application</name>
            <returntype>android.app.Application</returntype>
            <comment></comment>
        </property>
        <property>
            <name>ApplicationInfo</name>
            <returntype>android.content.pm.ApplicationInfo</returntype>
            <comment></comment>
        </property>
        <property>
            <name>Persistent</name>
            <parameter>
                <name>arg0</name>
                <type>boolean</type>
            </parameter>
            <comment></comment>
        </property>
        <property>
            <name>BaseContext</name>
            <returntype>android.content.Context</returntype>
            <comment></comment>
        </property>
        <property>
            <name>MainLooper</name>
            <returntype>android.os.Looper</returntype>
            <comment></comment>
        </property>
        <property>
            <name>PreferenceManager</name>
            <returntype>android.preference.PreferenceManager</returntype>
            <comment></comment>
        </property>
        <property>
            <name>PackageResourcePath</name>
            <returntype>java.lang.String</returntype>
            <comment></comment>
        </property>
        <property>
            <name>ComponentName</name>
            <returntype>android.content.ComponentName</returntype>
            <comment></comment>
        </property>
        <property>
            <name>Resources</name>
            <returntype>android.content.res.Resources</returntype>
            <comment></comment>
        </property>
        <property>
            <name>ProgressBarIndeterminateVisibility</name>
            <parameter>
                <name>arg0</name>
                <type>boolean</type>
            </parameter>
            <comment></comment>
        </property>
        <property>
            <name>VolumeControlStream</name>
            <returntype>int</returntype>
            <parameter>
                <name>arg0</name>
                <type>int</type>
            </parameter>
            <comment></comment>
        </property>
        <property>
            <name>Assets</name>
            <returntype>android.content.res.AssetManager</returntype>
            <comment></comment>
        </property>
        <property>
            <name>ListView</name>
            <returntype>android.widget.ListView</returntype>
            <comment></comment>
        </property>
        <property>
            <name>TaskId</name>
            <returntype>int</returntype>
            <comment></comment>
        </property>
        <property>
            <name>DefaultKeyMode</name>
            <parameter>
                <name>arg0</name>
                <type>int</type>
            </parameter>
            <comment></comment>
        </property>
        <property>
            <name>LayoutInflater</name>
            <returntype>android.view.LayoutInflater</returntype>
            <comment></comment>
        </property>
        <property>
            <name>WindowManager</name>
            <returntype>android.view.WindowManager</returntype>
            <comment></comment>
        </property>
        <property>
            <name>ProgressBarVisibility</name>
            <parameter>
                <name>arg0</name>
                <type>boolean</type>
            </parameter>
            <comment></comment>
        </property>
        <property>
            <name>ClassLoader</name>
            <returntype>java.lang.ClassLoader</returntype>
            <comment></comment>
        </property>
        <property>
            <name>RequestedOrientation</name>
            <returntype>int</returntype>
            <parameter>
                <name>arg0</name>
                <type>int</type>
            </parameter>
            <comment></comment>
        </property>
        <property>
            <name>CallingActivity</name>
            <returntype>android.content.ComponentName</returntype>
            <comment></comment>
        </property>
        <property>
            <name>Title</name>
            <returntype>java.lang.CharSequence</returntype>
            <parameter>
                <name>arg0</name>
                <type>java.lang.CharSequence</type>
            </parameter>
            <comment></comment>
        </property>
        <property>
            <name>ProgressBarIndeterminate</name>
            <parameter>
                <name>arg0</name>
                <type>boolean</type>
            </parameter>
            <comment></comment>
        </property>
        <property>
            <name>Progress</name>
            <parameter>
                <name>arg0</name>
                <type>int</type>
            </parameter>
            <comment></comment>
        </property>
        <property>
            <name>InstanceCount</name>
            <returntype>long</returntype>
            <comment></comment>
        </property>
        <property>
            <name>WallpaperDesiredMinimumHeight</name>
            <returntype>int</returntype>
            <comment></comment>
        </property>
        <property>
            <name>Theme</name>
            <returntype>android.content.res.Resources.Theme</returntype>
            <parameter>
                <name>arg0</name>
                <type>int</type>
            </parameter>
            <comment></comment>
        </property>
        <property>
            <name>Wallpaper</name>
            <returntype>android.graphics.drawable.Drawable</returntype>
            <parameter>
                <name>arg0</name>
                <type>android.graphics.Bitmap</type>
            </parameter>
            <comment></comment>
        </property>
        <property>
            <name>ChangingConfigurations</name>
            <returntype>int</returntype>
            <comment></comment>
        </property>
        <property>
            <name>ApplicationContext</name>
            <returntype>android.content.Context</returntype>
            <comment></comment>
        </property>
        <property>
            <name>SecondaryProgress</name>
            <parameter>
                <name>arg0</name>
                <type>int</type>
            </parameter>
            <comment></comment>
        </property>
        <property>
            <name>Selection</name>
            <parameter>
                <name>arg0</name>
                <type>int</type>
            </parameter>
            <comment></comment>
        </property>
        <property>
            <name>LocalClassName</name>
            <returntype>java.lang.String</returntype>
            <comment></comment>
        </property>
        <field>
            <name>DEFAULT_KEYS_DISABLE</name>
            <comment></comment>
            <returntype>int</returntype>
        </field>
        <field>
            <name>WINDOW_SERVICE</name>
            <comment></comment>
            <returntype>java.lang.String</returntype>
        </field>
        <field>
            <name>RESULT_CANCELED</name>
            <comment></comment>
            <returntype>int</returntype>
        </field>
        <field>
            <name>MODE_WORLD_WRITEABLE</name>
            <comment></comment>
            <returntype>int</returntype>
        </field>
        <field>
            <name>CLIPBOARD_SERVICE</name>
            <comment></comment>
            <returntype>java.lang.String</returntype>
        </field>
        <field>
            <name>MODE_PRIVATE</name>
            <comment></comment>
            <returntype>int</returntype>
        </field>
        <field>
            <name>NOTIFICATION_SERVICE</name>
            <comment></comment>
            <returntype>java.lang.String</returntype>
        </field>
        <field>
            <name>RESULT_FIRST_USER</name>
            <comment></comment>
            <returntype>int</returntype>
        </field>
        <field>
            <name>SENSOR_SERVICE</name>
            <comment></comment>
            <returntype>java.lang.String</returntype>
        </field>
        <field>
            <name>DEFAULT_KEYS_SEARCH_GLOBAL</name>
            <comment></comment>
            <returntype>int</returntype>
        </field>
        <field>
            <name>CONTEXT_RESTRICTED</name>
            <comment></comment>
            <returntype>int</returntype>
        </field>
        <field>
            <name>LAYOUT_INFLATER_SERVICE</name>
            <comment></comment>
            <returntype>java.lang.String</returntype>
        </field>
        <field>
            <name>ACTIVITY_SERVICE</name>
            <comment></comment>
            <returntype>java.lang.String</returntype>
        </field>
        <field>
            <name>TELEPHONY_SERVICE</name>
            <comment></comment>
            <returntype>java.lang.String</returntype>
        </field>
        <field>
            <name>AUDIO_SERVICE</name>
            <comment></comment>
            <returntype>java.lang.String</returntype>
        </field>
        <field>
            <name>ACCESSIBILITY_SERVICE</name>
            <comment></comment>
            <returntype>java.lang.String</returntype>
        </field>
        <field>
            <name>DEFAULT_KEYS_DIALER</name>
            <comment></comment>
            <returntype>int</returntype>
        </field>
        <field>
            <name>RESULT_OK</name>
            <comment></comment>
            <returntype>int</returntype>
        </field>
        <field>
            <name>POWER_SERVICE</name>
            <comment></comment>
            <returntype>java.lang.String</returntype>
        </field>
        <field>
            <name>LOCATION_SERVICE</name>
            <comment></comment>
            <returntype>java.lang.String</returntype>
        </field>
        <field>
            <name>BIND_DEBUG_UNBIND</name>
            <comment></comment>
            <returntype>int</returntype>
        </field>
        <field>
            <name>WIFI_SERVICE</name>
            <comment></comment>
            <returntype>java.lang.String</returntype>
        </field>
        <field>
            <name>BIND_AUTO_CREATE</name>
            <comment></comment>
            <returntype>int</returntype>
        </field>
        <field>
            <name>SEARCH_SERVICE</name>
            <comment></comment>
            <returntype>java.lang.String</returntype>
        </field>
        <field>
            <name>INPUT_METHOD_SERVICE</name>
            <comment></comment>
            <returntype>java.lang.String</returntype>
        </field>
        <field>
            <name>CONTEXT_INCLUDE_CODE</name>
            <comment></comment>
            <returntype>int</returntype>
        </field>
        <field>
            <name>WALLPAPER_SERVICE</name>
            <comment></comment>
            <returntype>java.lang.String</returntype>
        </field>
        <field>
            <name>CONNECTIVITY_SERVICE</name>
            <comment></comment>
            <returntype>java.lang.String</returntype>
        </field>
        <field>
            <name>MODE_APPEND</name>
            <comment></comment>
            <returntype>int</returntype>
        </field>
        <field>
            <name>MODE_WORLD_READABLE</name>
            <comment></comment>
            <returntype>int</returntype>
        </field>
        <field>
            <name>ALARM_SERVICE</name>
            <comment></comment>
            <returntype>java.lang.String</returntype>
        </field>
        <field>
            <name>VIBRATOR_SERVICE</name>
            <comment></comment>
            <returntype>java.lang.String</returntype>
        </field>
        <field>
            <name>DEFAULT_KEYS_SEARCH_LOCAL</name>
            <comment></comment>
            <returntype>int</returntype>
        </field>
        <field>
            <name>KEYGUARD_SERVICE</name>
            <comment></comment>
            <returntype>java.lang.String</returntype>
        </field>
        <field>
            <name>CONTEXT_IGNORE_SECURITY</name>
            <comment></comment>
            <returntype>int</returntype>
        </field>
        <field>
            <name>DEFAULT_KEYS_SHORTCUT</name>
            <comment></comment>
            <returntype>int</returntype>
        </field>
    </class>
    <class>
        <name>anywheresoftware.b4a.objects.preferenceactivity.PreferenceManager</name>
        <shortname>AHPreferenceManager</shortname>
        <comment>Provides access to the saved settings. Using PreferenceManager you can get the stored values and modify them.</comment>
        <owner>process</owner>
        <method>
            <name>GetAll</name>
            <comment>Returns a Map with all the Keys and Values. Note that changes to this map will not affect the stored values.</comment>
            <returntype>anywheresoftware.b4a.objects.collections.Map</returntype>
        </method>
        <method>
            <name>GetUpdatedKeys</name>
            <comment>Returns a list with the keys that were updated since the last call to GetUpdatedKeys.
Note that the updated keys may include keys with unchanged values.</comment>
            <returntype>anywheresoftware.b4a.objects.collections.List</returntype>
        </method>
        <method>
            <name>GetString</name>
            <comment>Returns the String value mapped to the given key. Returns an empty string if the key is not found.</comment>
            <returntype>java.lang.String</returntype>
            <parameter>
                <name>Key</name>
                <type>java.lang.String</type>
            </parameter>
        </method>
        <method>
            <name>SetBoolean</name>
            <comment>Maps the given key to the given Boolean value.</comment>
            <returntype>void</returntype>
            <parameter>
                <name>Key</name>
                <type>java.lang.String</type>
            </parameter>
            <parameter>
                <name>Value</name>
                <type>boolean</type>
            </parameter>
        </method>
        <method>
            <name>ClearAll</name>
            <comment>Clears all stored entries.</comment>
            <returntype>void</returntype>
        </method>
        <method>
            <name>SetString</name>
            <comment>Maps the given key to the given String value.</comment>
            <returntype>void</returntype>
            <parameter>
                <name>Key</name>
                <type>java.lang.String</type>
            </parameter>
            <parameter>
                <name>Value</name>
                <type>java.lang.String</type>
            </parameter>
        </method>
        <method>
            <name>GetBoolean</name>
            <comment>Returns the Boolean value mapped to the given key. Returns False is the key is not found.</comment>
            <returntype>boolean</returntype>
            <parameter>
                <name>Key</name>
                <type>java.lang.String</type>
            </parameter>
        </method>
    </class>
    <class>
        <name>anywheresoftware.b4a.objects.preferenceactivity.PreferenceScreenWrapper</name>
        <shortname>AHPreferenceScreen</shortname>
        <owner>process</owner>
        <method>
            <name>AddEditText</name>
            <comment>Adds a preference entry which allows the user to enter free text.
Key - The preference key associated with the value.
Title - Entry title.
Summary - Entry summary (second row).
DefaultValue - The default value of this preference entry if the key does not already exist.
Dependency - A key of a preference this preference entry depends on.</comment>
            <returntype>void</returntype>
            <parameter>
                <name>Key</name>
                <type>java.lang.String</type>
            </parameter>
            <parameter>
                <name>Title</name>
                <type>java.lang.String</type>
            </parameter>
            <parameter>
                <name>Summary</name>
                <type>java.lang.String</type>
            </parameter>
            <parameter>
                <name>DefaultValue</name>
                <type>java.lang.String</type>
            </parameter>
            <parameter>
                <name>Dependency</name>
                <type>java.lang.String</type>
            </parameter>
        </method>
        <method>
            <name>Initialize</name>
            <comment>Initializes the object and sets the title that will show. The summary will show for secondary PreferenceScreens.</comment>
            <returntype>void</returntype>
            <parameter>
                <name>Title</name>
                <type>java.lang.String</type>
            </parameter>
            <parameter>
                <name>Summary</name>
                <type>java.lang.String</type>
            </parameter>
        </method>
        <method>
            <name>AddList2</name>
            <comment>Adds a preference entry which allows the user to choose a single item out of a list.
Key - The preference key associated with the value.
Title - Entry title.
Summary - Entry summary (second row).
DefaultValue - The default value of this preference entry if the key does not already exist. Should match one of the value keys.
Dependency - A key of a preference this preference entry depends on.
Values - A map with the possible values. The key of the map is used as the value for the preference and the value is displayed in the list.</comment>
            <returntype>void</returntype>
            <parameter>
                <name>Key</name>
                <type>java.lang.String</type>
            </parameter>
            <parameter>
                <name>Title</name>
                <type>java.lang.String</type>
            </parameter>
            <parameter>
                <name>Summary</name>
                <type>java.lang.String</type>
            </parameter>
            <parameter>
                <name>DefaultValue</name>
                <type>java.lang.String</type>
            </parameter>
            <parameter>
                <name>Dependency</name>
                <type>java.lang.String</type>
            </parameter>
            <parameter>
                <name>Values</name>
                <type>anywheresoftware.b4a.objects.collections.Map</type>
            </parameter>
        </method>
        <method>
            <name>AddPreferenceCategory</name>
            <comment>Adds a PreferenceCategory. A preference category is made of a title and a group of entries.
Note that a PreferenceCategory cannot hold other PreferenceCategories.</comment>
            <returntype>void</returntype>
            <parameter>
                <name>PreferenceCategory</name>
                <type>anywheresoftware.b4a.objects.preferenceactivity.PreferenceCategoryWrapper</type>
            </parameter>
        </method>
        <method>
            <name>AddCheckBox</name>
            <comment>Adds a preference entry with a check box. The entry values can be either True or False.
Key - The preference key associated with the value.
Title - Entry title.
SummaryOn - Entry summary (second row).
SummaryOff - Entry summary if checkbox is not checked (Set to empty string to always show SummaryOn text)
DefaultValue - The default value of this preference entry if the key does not already exist.
Dependency - A key of a preference this preference entry depends on.</comment>
            <returntype>void</returntype>
            <parameter>
                <name>Key</name>
                <type>java.lang.String</type>
            </parameter>
            <parameter>
                <name>Title</name>
                <type>java.lang.String</type>
            </parameter>
            <parameter>
                <name>SummaryOn</name>
                <type>java.lang.String</type>
            </parameter>
            <parameter>
                <name>SummaryOff</name>
                <type>java.lang.String</type>
            </parameter>
            <parameter>
                <name>DefaultValue</name>
                <type>boolean</type>
            </parameter>
            <parameter>
                <name>Dependency</name>
                <type>java.lang.String</type>
            </parameter>
        </method>
        <method>
            <name>AddRingtone</name>
            <comment>Adds a preference entry which allows the user to choose a ring tone out of a list.
Key - The preference key associated with the value.
Title - Entry title.
Summary - Entry summary (second row).
DefaultValue - The default value of this preference entry if the key does not already exist. Should match one of the value keys.
Dependency - A key of a preference this preference entry depends on.
RingToneType - Type of the Ringtone. Use RT_RINGTONE, RT_NOTIFICATION, RT_ALARM.</comment>
            <returntype>void</returntype>
            <parameter>
                <name>Key</name>
                <type>java.lang.String</type>
            </parameter>
            <parameter>
                <name>Title</name>
                <type>java.lang.String</type>
            </parameter>
            <parameter>
                <name>Summary</name>
                <type>java.lang.String</type>
            </parameter>
            <parameter>
                <name>DefaultValue</name>
                <type>java.lang.String</type>
            </parameter>
            <parameter>
                <name>Dependency</name>
                <type>java.lang.String</type>
            </parameter>
            <parameter>
                <name>RingToneType</name>
                <type>int</type>
            </parameter>
        </method>
        <method>
            <name>AddIntent</name>
            <comment>Calls the given Intent.
 
 This supports some types of intents. See the Example for AHPreferenceActivity. No Extra Information will be passed.</comment>
            <returntype>void</returntype>
            <parameter>
                <name>Title</name>
                <type>java.lang.String</type>
            </parameter>
            <parameter>
                <name>Summary</name>
                <type>java.lang.String</type>
            </parameter>
            <parameter>
                <name>Intent</name>
                <type>android.content.Intent</type>
            </parameter>
            <parameter>
                <name>Dependency</name>
                <type>java.lang.String</type>
            </parameter>
        </method>
        <method>
            <name>AddPreferenceScreen</name>
            <comment>Adds a secondary PreferenceScreen. When the user presses on this entry the second screen will appear.

PreferenceScreen - The screen to add.
Dependency - A key of a preference this preference entry depends on.</comment>
            <returntype>void</returntype>
            <parameter>
                <name>PreferenceScreen</name>
                <type>anywheresoftware.b4a.objects.preferenceactivity.PreferenceScreenWrapper</type>
            </parameter>
            <parameter>
                <name>Dependency</name>
                <type>java.lang.String</type>
            </parameter>
        </method>
        <method>
            <name>AddList</name>
            <comment>Adds a preference entry which allows the user to choose a single item out of a list.
Key - The preference key associated with the value.
Title - Entry title.
Summary - Entry summary (second row).
DefaultValue - The default value of this preference entry if the key does not already exist. Should match one of the values.
Dependency - A key of a preference this preference entry depends on.
Values - A list of strings with the possible values.</comment>
            <returntype>void</returntype>
            <parameter>
                <name>Key</name>
                <type>java.lang.String</type>
            </parameter>
            <parameter>
                <name>Title</name>
                <type>java.lang.String</type>
            </parameter>
            <parameter>
                <name>Summary</name>
                <type>java.lang.String</type>
            </parameter>
            <parameter>
                <name>DefaultValue</name>
                <type>java.lang.String</type>
            </parameter>
            <parameter>
                <name>Dependency</name>
                <type>java.lang.String</type>
            </parameter>
            <parameter>
                <name>Values</name>
                <type>anywheresoftware.b4a.objects.collections.List</type>
            </parameter>
        </method>
        <method>
            <name>AddPassword</name>
            <comment>Adds a preference entry which allows the user to enter a password. Be aware that the password is saved uncrypted in the preferences file!
Key - The preference key associated with the value.
Title - Entry title.
Summary - Entry summary (second row).
DefaultValue - The default value of this preference entry if the key does not already exist.
Dependency - A key of a preference this preference entry depends on.</comment>
            <returntype>void</returntype>
            <parameter>
                <name>Key</name>
                <type>java.lang.String</type>
            </parameter>
            <parameter>
                <name>Title</name>
                <type>java.lang.String</type>
            </parameter>
            <parameter>
                <name>Summary</name>
                <type>java.lang.String</type>
            </parameter>
            <parameter>
                <name>DefaultValue</name>
                <type>java.lang.String</type>
            </parameter>
            <parameter>
                <name>Dependency</name>
                <type>java.lang.String</type>
            </parameter>
        </method>
        <method>
            <name>CreateIntent</name>
            <comment>Creates the Intent object that is required for showing the PreferencesActivity.
Example:&lt;code&gt;StartActivity(PreferenceScreen1.CreateIntent)&lt;/code&gt;</comment>
            <returntype>android.content.Intent</returntype>
        </method>
        <field>
            <name>RT_ALARM</name>
            <comment></comment>
            <returntype>int</returntype>
        </field>
        <field>
            <name>RT_RINGTONE</name>
            <comment></comment>
            <returntype>int</returntype>
        </field>
        <field>
            <name>RT_NOTIFICATION</name>
            <comment></comment>
            <returntype>int</returntype>
        </field>
    </class>
    <class>
        <name>anywheresoftware.b4a.objects.preferenceactivity.PreferenceCategoryWrapper</name>
        <shortname>AHPreferenceCategory</shortname>
        <comment>PreferenceCategory holds a group of other preferences.</comment>
        <owner>process</owner>
        <method>
            <name>AddEditText</name>
            <comment>Adds a preference entry which allows the user to enter free text.
Key - The preference key associated with the value.
Title - Entry title.
Summary - Entry summary (second row).
DefaultValue - The default value of this preference entry if the key does not already exist.
Dependency - A key of a preference this preference entry depends on.</comment>
            <returntype>void</returntype>
            <parameter>
                <name>Key</name>
                <type>java.lang.String</type>
            </parameter>
            <parameter>
                <name>Title</name>
                <type>java.lang.String</type>
            </parameter>
            <parameter>
                <name>Summary</name>
                <type>java.lang.String</type>
            </parameter>
            <parameter>
                <name>DefaultValue</name>
                <type>java.lang.String</type>
            </parameter>
            <parameter>
                <name>Dependency</name>
                <type>java.lang.String</type>
            </parameter>
        </method>
        <method>
            <name>Initialize</name>
            <comment>Initializes the object and sets the category title.</comment>
            <returntype>void</returntype>
            <parameter>
                <name>Title</name>
                <type>java.lang.String</type>
            </parameter>
        </method>
        <method>
            <name>AddList2</name>
            <comment>Adds a preference entry which allows the user to choose a single item out of a list.
Key - The preference key associated with the value.
Title - Entry title.
Summary - Entry summary (second row).
DefaultValue - The default value of this preference entry if the key does not already exist. Should match one of the value keys.
Dependency - A key of a preference this preference entry depends on.
Values - A map with the possible values. The key of the map is used as the value for the preference and the value is displayed in the list.</comment>
            <returntype>void</returntype>
            <parameter>
                <name>Key</name>
                <type>java.lang.String</type>
            </parameter>
            <parameter>
                <name>Title</name>
                <type>java.lang.String</type>
            </parameter>
            <parameter>
                <name>Summary</name>
                <type>java.lang.String</type>
            </parameter>
            <parameter>
                <name>DefaultValue</name>
                <type>java.lang.String</type>
            </parameter>
            <parameter>
                <name>Dependency</name>
                <type>java.lang.String</type>
            </parameter>
            <parameter>
                <name>Values</name>
                <type>anywheresoftware.b4a.objects.collections.Map</type>
            </parameter>
        </method>
        <method>
            <name>AddPreferenceCategory</name>
            <comment>Adds a PreferenceCategory. A preference category is made of a title and a group of entries.
Note that a PreferenceCategory cannot hold other PreferenceCategories.</comment>
            <returntype>void</returntype>
            <parameter>
                <name>PreferenceCategory</name>
                <type>anywheresoftware.b4a.objects.preferenceactivity.PreferenceCategoryWrapper</type>
            </parameter>
        </method>
        <method>
            <name>AddCheckBox</name>
            <comment>Adds a preference entry with a check box. The entry values can be either True or False.
Key - The preference key associated with the value.
Title - Entry title.
SummaryOn - Entry summary (second row).
SummaryOff - Entry summary if checkbox is not checked (Set to empty string to always show SummaryOn text)
DefaultValue - The default value of this preference entry if the key does not already exist.
Dependency - A key of a preference this preference entry depends on.</comment>
            <returntype>void</returntype>
            <parameter>
                <name>Key</name>
                <type>java.lang.String</type>
            </parameter>
            <parameter>
                <name>Title</name>
                <type>java.lang.String</type>
            </parameter>
            <parameter>
                <name>SummaryOn</name>
                <type>java.lang.String</type>
            </parameter>
            <parameter>
                <name>SummaryOff</name>
                <type>java.lang.String</type>
            </parameter>
            <parameter>
                <name>DefaultValue</name>
                <type>boolean</type>
            </parameter>
            <parameter>
                <name>Dependency</name>
                <type>java.lang.String</type>
            </parameter>
        </method>
        <method>
            <name>AddRingtone</name>
            <comment>Adds a preference entry which allows the user to choose a ring tone out of a list.
Key - The preference key associated with the value.
Title - Entry title.
Summary - Entry summary (second row).
DefaultValue - The default value of this preference entry if the key does not already exist. Should match one of the value keys.
Dependency - A key of a preference this preference entry depends on.
RingToneType - Type of the Ringtone. Use RT_RINGTONE, RT_NOTIFICATION, RT_ALARM.</comment>
            <returntype>void</returntype>
            <parameter>
                <name>Key</name>
                <type>java.lang.String</type>
            </parameter>
            <parameter>
                <name>Title</name>
                <type>java.lang.String</type>
            </parameter>
            <parameter>
                <name>Summary</name>
                <type>java.lang.String</type>
            </parameter>
            <parameter>
                <name>DefaultValue</name>
                <type>java.lang.String</type>
            </parameter>
            <parameter>
                <name>Dependency</name>
                <type>java.lang.String</type>
            </parameter>
            <parameter>
                <name>RingToneType</name>
                <type>int</type>
            </parameter>
        </method>
        <method>
            <name>AddIntent</name>
            <comment>Calls the given Intent.
 
 This supports some types of intents. See the Example for AHPreferenceActivity. No Extra Information will be passed.</comment>
            <returntype>void</returntype>
            <parameter>
                <name>Title</name>
                <type>java.lang.String</type>
            </parameter>
            <parameter>
                <name>Summary</name>
                <type>java.lang.String</type>
            </parameter>
            <parameter>
                <name>Intent</name>
                <type>android.content.Intent</type>
            </parameter>
            <parameter>
                <name>Dependency</name>
                <type>java.lang.String</type>
            </parameter>
        </method>
        <method>
            <name>AddPreferenceScreen</name>
            <comment>Adds a secondary PreferenceScreen. When the user presses on this entry the second screen will appear.

PreferenceScreen - The screen to add.
Dependency - A key of a preference this preference entry depends on.</comment>
            <returntype>void</returntype>
            <parameter>
                <name>PreferenceScreen</name>
                <type>anywheresoftware.b4a.objects.preferenceactivity.PreferenceScreenWrapper</type>
            </parameter>
            <parameter>
                <name>Dependency</name>
                <type>java.lang.String</type>
            </parameter>
        </method>
        <method>
            <name>AddList</name>
            <comment>Adds a preference entry which allows the user to choose a single item out of a list.
Key - The preference key associated with the value.
Title - Entry title.
Summary - Entry summary (second row).
DefaultValue - The default value of this preference entry if the key does not already exist. Should match one of the values.
Dependency - A key of a preference this preference entry depends on.
Values - A list of strings with the possible values.</comment>
            <returntype>void</returntype>
            <parameter>
                <name>Key</name>
                <type>java.lang.String</type>
            </parameter>
            <parameter>
                <name>Title</name>
                <type>java.lang.String</type>
            </parameter>
            <parameter>
                <name>Summary</name>
                <type>java.lang.String</type>
            </parameter>
            <parameter>
                <name>DefaultValue</name>
                <type>java.lang.String</type>
            </parameter>
            <parameter>
                <name>Dependency</name>
                <type>java.lang.String</type>
            </parameter>
            <parameter>
                <name>Values</name>
                <type>anywheresoftware.b4a.objects.collections.List</type>
            </parameter>
        </method>
        <method>
            <name>AddPassword</name>
            <comment>Adds a preference entry which allows the user to enter a password. Be aware that the password is saved uncrypted in the preferences file!
Key - The preference key associated with the value.
Title - Entry title.
Summary - Entry summary (second row).
DefaultValue - The default value of this preference entry if the key does not already exist.
Dependency - A key of a preference this preference entry depends on.</comment>
            <returntype>void</returntype>
            <parameter>
                <name>Key</name>
                <type>java.lang.String</type>
            </parameter>
            <parameter>
                <name>Title</name>
                <type>java.lang.String</type>
            </parameter>
            <parameter>
                <name>Summary</name>
                <type>java.lang.String</type>
            </parameter>
            <parameter>
                <name>DefaultValue</name>
                <type>java.lang.String</type>
            </parameter>
            <parameter>
                <name>Dependency</name>
                <type>java.lang.String</type>
            </parameter>
        </method>
        <method>
            <name>CreateIntent</name>
            <comment>Creates the Intent object that is required for showing the PreferencesActivity.
Example:&lt;code&gt;StartActivity(PreferenceScreen1.CreateIntent)&lt;/code&gt;</comment>
            <returntype>android.content.Intent</returntype>
        </method>
        <field>
            <name>RT_ALARM</name>
            <comment></comment>
            <returntype>int</returntype>
        </field>
        <field>
            <name>RT_RINGTONE</name>
            <comment></comment>
            <returntype>int</returntype>
        </field>
        <field>
            <name>RT_NOTIFICATION</name>
            <comment></comment>
            <returntype>int</returntype>
        </field>
    </class>
    <version>1.02</version>
    <comment>PreferenceActivity library allows you to show the standard settings interface and provides an easy way to handle applications settings.
This library requires you to modify AndroidManifest.xml. See the &lt;link&gt;tutorial|http://www.basic4ppc.com/forum/basic4android-getting-started-tutorials/10608-preferenceactivity-tutorial.html&lt;/link&gt; for more information.</comment>
    <author>Erel Uziel / Markus Stipp</author>
</root>
